{"title":"LitDigitalDJs","id":"17","meta":{"name":"LitDigitalDJs","menu":"ff-side-menu","tab_menu":"hidden-tab-menu","appZip":"https:\/\/s3-us-west-2.amazonaws.com\/myapppresserstorage\/wp-content\/uploads\/sites\/1440\/2018\/01\/24172650\/litdigitaldjs-14.5.zip","app_update_version":9,"design":{"toolbar_background":"#303030","toolbar_color":"#ffffff","text_color":"#000000","body_bg":"#0a0a0a","left_menu_bg":"","left_menu_text":"","left_menu_icons":"","button_text":"#ffffff","button_background":"#000000","link_color":"","headings_color":"#6d6d6d","status_bar_bkg":"","custom_css":"p, .item p, .ion-page ion-content, .ion-page ion-list .item { color: #FFF; } ion-tabs .tabbar { display: none; }"},"light_status_bar":true,"menu_right":null,"rtl":null,"share":{"icon":{"hide":null}},"intro_slug":""},"error_logs":false,"ads":{"ios":{"banner":""},"android":{"banner":""}},"vendors":[],"segments":"","languages":"","default_language":"en","assets":{"header_logo":""},"menus":{"items":[{"title":"#FunkFlexFacebookMessenger","page_id":"103","page_type":null,"list_route":null,"list_display":null,"favorites":null,"show_slider":null,"slide_route":null,"slug":"chat","type":"custom","url":"fb-messenger:\/\/user\/63447391760","extra_classes":"system","target":"_blank","class":"chatboxes","parent_id":"0"},{"title":"#FlexFreestyles","page_id":"24","page_type":"list","list_route":"https:\/\/www.inflexwetrust.com\/wp-json\/wp\/v2\/posts?categories=107612","list_display":"card","favorites":"false","show_slider":"false","slide_route":null,"slug":"flexfreestyles","type":"apppages","url":"https:\/\/myapppresser.com\/funkflex\/apppages\/flexfreestyles\/","extra_classes":"","target":"","class":"microphone","parent_id":"0"},{"title":"#IFWTFreestyles","page_id":"183","page_type":"list","list_route":"https:\/\/www.inflexwetrust.com\/wp-json\/wp\/v2\/posts?categories=107632","list_display":"card","favorites":"false","show_slider":"false","slide_route":null,"slug":"ifwtfreestyles","type":"apppages","url":"https:\/\/myapppresser.com\/funkflex\/apppages\/ifwtfreestyles\/","extra_classes":"","target":"","class":"microphone","parent_id":"0"},{"title":"#WeGotaStoryToTell","page_id":"187","page_type":"list","list_route":"https:\/\/www.inflexwetrust.com\/wp-json\/wp\/v2\/posts?categories=107657","list_display":"card","favorites":"false","show_slider":"false","slide_route":null,"slug":"wegotastorytotell","type":"apppages","url":"https:\/\/myapppresser.com\/funkflex\/apppages\/wegotastorytotell\/","extra_classes":"","target":"","class":"microphone","parent_id":"0"},{"title":"Hot 97","page_id":"241","page_type":"html","list_route":null,"list_display":null,"favorites":null,"show_slider":"false","slide_route":null,"slug":"radio","type":"apppages","url":"https:\/\/myapppresser.com\/funkflex\/apppages\/radio\/","extra_classes":"hide","target":"","class":"fa-headphones","parent_id":"0"},{"title":"About","page_id":"332","page_type":"html","list_route":null,"list_display":null,"favorites":null,"show_slider":"false","slide_route":null,"slug":"about","type":"apppages","url":"https:\/\/myapppresser.com\/funkflex\/apppages\/about\/","extra_classes":"","target":"","class":"fa-info-circle","parent_id":"0"},{"title":"Website","page_id":"9","page_type":null,"list_route":null,"list_display":null,"favorites":null,"show_slider":null,"slide_route":null,"slug":"our-website","type":"custom","url":"http:\/\/www.inflexwetrust.com\/","extra_classes":"","target":"_blank","class":"globe","parent_id":"0"},{"title":"Telegram","page_id":"191","page_type":null,"list_route":null,"list_display":null,"favorites":null,"show_slider":null,"slide_route":null,"slug":"telegram","type":"custom","url":"https:\/\/t.me\/InFlexWeTrustFreestyles","extra_classes":"system","target":"_blank","class":"fa-telegram","parent_id":"0"}],"name":"FF Side Menu"},"tab_menu":{"items":[{"title":"Hot 97","page_id":"241","page_type":"html","list_route":null,"list_display":null,"favorites":null,"show_slider":"false","slide_route":null,"slug":"radio","type":"apppages","url":"https:\/\/myapppresser.com\/funkflex\/apppages\/radio\/","extra_classes":"","target":"","class":"","parent_id":"0"}],"name":"Hidden Tab Menu"},"side_menu_login":"","side_menu_force_login":"","wordpress_url":"","show_registration_link":"","registration_url":"","wp_site_addr":"","menu_all_pages":""}